{
  "accuracy": 0.7984386089425124,
  "precision": 0.640625,
  "recall": 0.5481283422459893,
  "f1_score": 0.590778097982709,
  "roc_auc": 0.8404117905396677
}